Set,Weight,complete set bonus
Eye of Nahviintaas,Light,"When an ally activates a synergy you have created within 10 seconds, you and the ally who activated the synergy get 12% cost reduction for non-Ultimate abilities for 3 seconds. This effect can occur every 6 seconds per target."
Harmony in Chaos,Light,"While in combat, activating a synergy increases your Weapon and Spell Damage by 88 for 15 seconds, stacking up to 5 times."
Heroic Unity,Heavy,"Activating a synergy gives you and up to 3 group members within 12 meters Major Heroism for 6 seconds, granting 3 Ultimate every 1.5 seconds. This effect can occur once every 1 second."
Lunar Bastion,Heavy,"When you activate a synergy, you create a lunar blessing underneath you for 8 seconds. The blessing grants a stacking damage shield every 2 seconds that absorbs 63-2737 damage per stack for you and your group members within 8 meters. The damage shield lasts for 4 seconds and refreshes every tick. This effect can occur once every 20 seconds, and stacks up to 6 times."
Moondancer,Light,"When you activate a synergy while in combat, you gain a shadow blessing that increases your Weapon and Spell Damage by 11-474 or a lunar blessing that increases your Magicka Recovery by 11-474 for 20 seconds. You can only have one blessing active at a time."
Roar of Alkosh,Medium,"When you activate a synergy, you send a shockwave from your position that deals 318 Physical Damage and an additional 1590 Physical Damage over 10 seconds. Reduces the Physical and Spell Resistance of any enemy hit by the amount of your Weapon Damage for the duration, up to a maximum of 6000. The damage scales off the higher of your Weapon and Spell Damage."
Spelunker,Medium,Reduces the cost of your Undaunted abilities by 10%. When an ally uses one of your Undaunted ability synergies you restore 16-730 Magicka and Stamina. This effect can occur once every 5 seconds.
Tooth of Lokkestiiz,Medium,"When you activate a synergy while in combat, gain Major Slayer for 16 seconds, increasing your damage done to Dungeon and Trial monsters by 10%."
Twilight Remedy,Light,"When an ally activates a synergy you have created within 10 seconds, they heal themselves for 8032 Health over 15 seconds and gain Minor Force for the duration, increasing their Critical Damage by 10%. This effect scales off the higher of the synergy activator's Max Magicka or Stamina."
