"File:ON-icon-skill style-Caltrops, Bone.png",Caltrops,Skill Stylist: Caltrops Achievement
Skill,Requirement
Skill Style
"Caltrops, Bone (page)"
File:ON-icon-skill-Assault-Vigor-Soothing Blue.png,Vigor,The Wing of the Netch Quest
"Vigor, Soothing Blue (page)"
File:ON-icon-skill style-Assault-Vigor-Verdant Green.png,Vigor,40 from Carnaval Crate
"Vigor, Verdant Green (page)"
"File:ON-icon-skill style-Assault-Vigor, Dawn Orange.png",Vigor,500 from the Tome of Dawn and Dusk
"Vigor, Dawn Orange (page)"
"File:ON-icon-skill style-Assault-Vigor, Dusk Blue.png",Vigor,500 from the Tome of Dawn and Dusk
"Vigor, Dusk Blue (page)"
File:ON-icon-skill-Assault-Warhorn-Amber Orange.png,War Horn,Mirrormoor Incursion Disruptor Achievement
"War Horn, Amber Orange (page)"
File:ON-icon-skill style-Assault-Warhorn-Aquatic.png,War Horn,100 from Carnaval Crate
"War Horn, Aquatic (page)"
