Name,Line Rank,Cast Time,Target,Range,Radius,Duration,Cost
,Pounce,2,Instant,Enemy,22 meters,–,–,1071 Stamina
"CRIMINAL ACT Pounce on an enemy with primal fury, dealing [4230 / 4276 / 4323 / 4369] Bleed Damage and applying the Hemorrhaging status effect . When you are 7 meters or closer this ability becomes Carnage, which causes you to rip into an enemy and deal [4480 / 4529 / 4578 / 4627] Bleed Damage over 12 seconds, dealing up to 450 % more damage to enemies under 100% Health ."
,,Brutal Pounce,"Deals additional damage to other nearby enemies. Carnage hits in a cone and increases in duration on successive application. Area: 7 meters. CRIMINAL ACT Pounce on an enemy with primal fury, dealing [4369 / 4417 / 4465 / 4513] Bleed Damage and applying the Hemorrhaging status effect to all nearby enemies. When you are 7 meters or closer this ability becomes Brutal Carnage, which causes you to rip into all enemies in front of you to deal [4621 / 4712 / 4819 / 4922] Bleed Damage over 12 seconds, dealing up to 450 % more damage to enemies under 100% Health . The duration increases by 10 seconds if cast on the same enemy multiple times."
,Feral Pounce,"You restore Stamina and trigger Fury generation when dealing damage with either form of the ability. CRIMINAL ACT Pounce on an enemy with primal fury, dealing 4369 Bleed Damage and applying the Hemorrhaging status effect. When you are 7 meters or closer this ability becomes Feral Carnage, which causes you to rip into an enemy and deal 4627 Bleed Damage over 12 seconds, dealing up to 450 % more damage to enemies under 100% Health . Dealing damage with either ability restores [185 / 190 / 195 / 200] Stamina and triggers Fury generation."
""
,Hircine's Bounty,4,Instant,Self,–,–,–,4320 Magicka
"CRIMINAL ACT Invoke the Huntsman's blessing, healing you for [5520 / 5580 / 5641 / 5702] Health , scaling off your Max Health . You also restore 10% Stamina , increasing by up to 100 % based on how high your current Health is. Current Restore: 3000 While slotted you gain Major Brutality and Sorcery , increasing your Weapon and Spell Damage by 20 %."
,,Hircine's Rage,"Healing now scales with offensive stats, grants double Fury, and passively grants Minor Berserk while slotted. Increases damage done and taken based on your current Health . CRIMINAL ACT Invoke the Huntsman's blessing, healing you for 9102 Health , granting double Fury, and increasing your damage done and taken by up to 12 % for [17 / 18 / 19 / 20] seconds, based on how high your current Health is. You also restore 10% Stamina , increasing by up to 100 %, based on how high your current Health is. Current Restore: 3000 While slotted you gain Major Brutality and Sorcery and Minor Berserk ."
,Hircine's Fortitude,"Increases the healing and stamina restored. Passively grants Major Vitality while slotted. CRIMINAL ACT Invoke the Huntsman's blessing, healing you for [6272 / 6340 / 6409 / 6478] Health , scaling off your Max Health . You also restore 12% Stamina , increasing by up to 100 % based on how high your current Health is. Current Restore: 3600 While slotted you gain Major Brutality, Sorcery, and Vitality increasing Weapon and Spell Damage by 20 % and healing received and damage shield strength by 12 %."
""
,Roar,5,0.4 seconds,Area,–,6 meters,4 seconds,1071 Stamina
"Duration: [3 / 3.3 / 3.7 / 4] seconds. CRIMINAL ACT Roar with bloodlust to fear nearby enemies for [3 / 3.3 / 3.7 / 4] seconds and setting them Off Balance for 7 seconds. Grants you a stack of Blood Hunger, which empowers Gnash and Claw Fury. Up to 12 nearby allies can activate the Feeding Frenzy synergy , which grants 6 % damage done and Minor Force for 30 seconds, increasing Critical Damage by 10 %. While slotted you gain Major Prophecy and Savagery ."
,,Ferocious Roar,"Grants you and allies Major Courage, you can use your own synergy, and grants two stacks of Blood Hunger. CRIMINAL ACT Roar with bloodlust to fear nearby enemies for 4 seconds and setting them Off Balance for 7 seconds. Grants two stacks of Blood Hunger, which empowers Gnash and Claw Fury. You and up to 11 nearby allies gain Major Courage for 20 seconds and can activate the Feeding Frenzy synergy, which grants 6 % damage done and Minor Force for 30 seconds. While slotted you gain Major Prophecy and Savagery."
,Deafening Roar,"Adds Major Cowardice and Maim to enemies. Converts the slot bonuses to Major Evasion and Minor Protection. Selecting this morph enhances Gnash to taunt. CRIMINAL ACT Roar with bloodlust to fear nearby enemies for 4 seconds, setting them Off Balance for 7 seconds, and applying Major Cowardice and Maim for [12 / 13 / 14 / 15] seconds. Grants you a stack of Blood Hunger. Up to 12 nearby allies can activate the Feeding Frenzy synergy, which grants 6 % damage done and Minor Force for 30 seconds. While slotted you gain Major Evasion and Minor Protection . Selecting this morph causes your Gnash to taunt enemies if cast while Bracing."
""
,Gnash,6,Instant,Enemy,7 meters,–,–,765 Stamina
"CRIMINAL ACT Bare your fangs and gnash your teeth into an enemy while ripping back, dealing [3523 / 3561 / 3600 / 3639] Physical Damage on the initial lunge and [3524 / 3561 / 3601 / 3640] Bleed Damage while ripping out. Consumes a stack of Blood Hunger to increase the initial damage done by 25 %. The second hit deals up to 125 % more damage to enemies with less than 25% Health ."
,,Rip and Tear,"The initial hit applies Sundered and Major Breach, while the second hit heals you. Blood Hunger applies to healing instead of damage. CRIMINAL ACT Rip and tear into an enemy with your fangs, dealing 3640 Physical Damage while applying Major Breach for 15 seconds and the Sundered status effect on the initial rip and 3639 Bleed Damage while tearing out, when it is done. The second hit deals up to 125 % more damage to enemies with less than 25% Health and heals you for [3305 / 3341 / 3377 / 3414] , based off your Max Health . Consumes a stack of Blood Hunger to increase the initial damage and healing done by 25 %."
,Bloody Gnash,"Has a 50% chance to not consume Blood Hunger and the second hit applies Hemorrhaging. Increases execute scaling. CRIMINAL ACT Bare your fangs and gnash your teeth into an enemy while ripping back, dealing 3640 Physical Damage on the initial lunge and [3639 / 3677 / 3719 / 3758] Bleed Damage while ripping out. Consumes a stack of Blood Hunger to increase the initial damage done by 25 %. There is a 50 % chance to retain Blood Hunger each cast. The second hit deals up to 200 % more damage to enemies with less than 25% Health and applies the Hemorrhaging status effect."
""
,Rending Claws,9,Instant,Cone,–,7 meters,10 seconds,995 Stamina
"CRIMINAL ACT Shred up to 6 enemies in front of you with wild abandon, dealing [5287 / 5345 / 5403 / 5461] Physical Damage and an additional [10550 / 10665 / 10785 / 10900] Bleed Damage over 10 seconds. Reduced to [6330 / 6399 / 6471 / 6540] Bleed Damage over 6 seconds against players. The initial hit has a 15 % chance of applying Sundered , while the damage over time has a 5 % chance of applying Hemorrhaging ."
,,Claw Fury,"Converts into a direct damage channeled attack. Generates Fury and Blood Hunger and increases in damage based on Blood Hunger stacks. Casting Time: , Channel Time: 4.7 seconds, Cost: 383 Stamina / 1s, Target: Area. CRIMINAL ACT Shred up to 6 enemies in front of you with furious intent, dealing [58162 / 58799 / 59436 / 60073] Physical Damage in a channeled attack over 4.7 seconds. Dealing damage with this ability generates 15 Fury and a stack of Blood Hunger, up to once per second. This ability deals 25 % more damage per stack of Blood Hunger, consumes all stacks when the ability ends, and is considered direct damage."
,Bloodclaws,"The initial hit heals for a portion of the damage caused, while the damage over time heals based off your Max Health . CRIMINAL ACT Shred up to 6 enemies in front of you with blood soaked claws, dealing [5461 / 5521 / 5581 / 5641] Physical Damage and an additional 10920 Bleed Damage over 10 seconds. Reduced to 6552 Bleed Damage over 6 seconds against players. You heal for 40 % of the initial hit's damage, while you heal for [990 / 1000 / 1011 / 1022] Health with the damage over time, based off your Max Health . The initial hit grants a stack of Blood Hunger per enemy hit and has a 15 % chance of applying Sundered, while the damage over time has a 5 % chance of applying Hemorrhaging."
""
