,Name,Line Rank,Cast Time,Target,Range,Radius,Duration,Cost
,Eviscerate,1,Instant,Enemy,7 meters,–,–,2295 Magicka
"Rend an enemy, dealing [6149 / 6216 / 6284 / 6351] Magic Damage and applying the Hemorrhaging status effect . Deals up to 33 % more damage based on your missing Health ."
,,Blood for Blood,"Costs Health to cast, but greatly increases the execute scaling. After casting the ability, you cannot be healed by allies for a short duration. Cost: 2295 Health . Rend an enemy, dealing 6352 Magic Damage and applying the Hemorrhaging status effect. Deals up to [60 / 65 / 70 / 75] % more damage based on your missing Health . After you cast this ability, you cannot be healed by allies for 3 seconds."
,Arterial Burst,"Will always be a Critical Strike if you cast it while under half Health . Rend an enemy, dealing [6352 / 6421 / 6491 / 6561] Magic Damage and applying the Hemorrhaging status effect. Deals up to 33 % more damage based on your missing Health . If you use this ability while you are under 50% Health , it will always be a Critical Strike."
""
,Blood Frenzy,2,Instant,Self,–,–,–,700 Health / 1s
"CRIMINAL ACT Allow your monstrous appetites to take hold, increasing your Weapon and Spell Damage by [57 / 58 / 59 / 60] every 2 seconds, up to 5 times. While toggled on, the Health cost of this ability increases by 360 per stack and you cannot be healed by anyone but yourself, your pets, or your Companions ."
,,Simmering Frenzy,"Increases the Weapon and Spell Damage granted per stack. CRIMINAL ACT Allow your monstrous appetites to take hold, increasing your Weapon and Spell Damage by [77 / 78 / 79 / 80] every 2 seconds, up to 5 times. While toggled on, the Health cost of this ability increases by 360 per stack and you cannot be healed by anyone but yourself, your pets, or your Companions."
,Sated Fury,"Reduces the ramping Health cost and when you toggle the ability off, you heal for a portion of the Health cost you spent. CRIMINAL ACT Allow your monstrous appetites to take hold, increasing your Weapon and Spell Damage by 60 every 2 seconds, up to 5 times. While toggled on, the Health cost of this ability increases by 300 per stack and you cannot be healed by anyone but yourself, your pets, or your Companions. When toggled off, you heal for [30 / 31 / 32 / 33] % of the total Health cost you spent while active."
""
,Vampiric Drain,4,,Enemy,22 meters,–,–,4320 Magicka
"CRIMINAL ACT Siphon away your enemies' vitality, dealing [2302 / 2326 / 2352 / 2376] Magic Damage and healing you for 25 % of your missing Health every 1 second for 3 seconds. This ability is considered direct damage."
,,Drain Vigor,"Restores a portion of your missing Stamina . CRIMINAL ACT Siphon away your enemies' vitality, dealing 2381 Magic Damage, healing you for 25 % of your missing Health , and restoring [7 / 8 / 9 / 10] % of your missing Stamina every 1 second for 3 seconds. This ability is considered direct damage."
,Exhilarating Drain,"Generates Ultimate . CRIMINAL ACT Siphon away your enemies' vitality, dealing 2381 Magic Damage, healing you for 25 % of your missing Health , and generating [2 / 3 / 4 / 5] Ultimate every 1 second for 3 seconds. This ability is considered direct damage."
""
,Mesmerize,6,Instant,Cone,–,10 meters,–,3780 Magicka
"Cost: [4050 / 3960 / 3870 / 3780] Magicka . Subdue enemies in front of you with your baleful gaze, stunning them for 5 seconds if they are facing your direction. This stun cannot be blocked ."
,,Hypnosis,"Affects all enemies around you. Cost: [3780 / 3690 / 3600 / 3510] Magicka , Area: 7 meters, Target: Area. Subdue enemies around you with your baleful gaze, stunning them for 5 seconds if they are facing your direction. This stun cannot be blocked."
,Stupefy,"Enemies are snared after the stun ends. Subdue enemies in front of you with your baleful gaze, stunning them for 5 seconds if they are facing your direction. This stun cannot be blocked. After the stun ends they remain stupefied, reducing their Movement Speed by [50 / 51 / 52 / 53] % for 5 seconds."
""
,Mist Form,9,Instant,Ground,15 meters,–,1 second,3780 Magicka
"Cost: [4050 / 3960 / 3870 / 3780] Magicka . CRIMINAL ACT Disperse into a dark mist, causing the next 3 projectiles to deal no damage to you for 1 second while you dash forward and reappear at your target location after a short duration. Casting again within 4 seconds costs 33% more Magicka ."
,,Elusive Mist,"Grants you Major Expedition and Major Evasion after reappearing. CRIMINAL ACT Disperse into a dark mist, causing the next 3 projectiles to deal no damage to you for 1 second while you dash forward and reappear at your target location after a short duration. You gain Major Expedition and Major Evasion for [2 / 2.7 / 3.3 / 4] seconds after reappearing, increasing your Movement Speed by 30 % and reducing damage from area attacks by 20 %. Casting again within 4 seconds costs 33% more Magicka ."
,Blood Mist,"Deals damage to enemies around you and heals for a portion of the damage caused for a duration after casting. Duration: 20 seconds, Area: 5 meters. CRIMINAL ACT Dissolve into a bloody mist, causing the next 3 projectiles to deal no damage to you for 1 second while you dash forward and reappear at your target location after a short duration. Upon activation you drain the blood of those around you for 20 seconds, dealing [1154 / 1166 / 1179 / 1192] Magic Damage every 2 seconds to enemies and healing you for 45 % of the damage caused. Casting again within 4 seconds costs 33% more Magicka ."
""
